"Week",".y.","group1","group2","n1","n2","statistic","p","p.adj","p.adj.signif"
"Week2","Expression","Female","Male",3,3,1.52752523165195,0.126630457947617,0.126630457947617,"ns"
"Week4","Expression","Female","Male",3,3,-1.96396101212393,0.0495346134356267,0.0495346134356267,"*"
"Week8","Expression","Female","Male",3,3,-1.96396101212393,0.0495346134356267,0.0495346134356267,"*"
"Week16","Expression","Female","Male",3,3,-0.218217890235992,0.827259346562711,0.827259346562711,"ns"
"Week30","Expression","Female","Male",3,3,-1.96396101212393,0.0495346134356267,0.0495346134356267,"*"
