"Week",".y.","group1","group2","n1","n2","statistic","p","p.adj","p.adj.signif"
"Week2","Expression","Female","Male",3,3,1.54919333848297,0.121335250358482,0.121335250358482,"ns"
"Week8","Expression","Female","Male",3,3,1,0.317310507862914,0.317310507862914,"ns"
"Week16","Expression","Female","Male",3,3,0.442807442770048,0.657905019428482,0.657905019428482,"ns"
"Week30","Expression","Female","Male",3,3,1,0.317310507862914,0.317310507862914,"ns"
